firstName,lastName,secondLastName,noSecondLastName,customIdClinic,customIdDoctor,customIdNumber,phone,email
Juan,Pérez,García,false,ABC,DFG,1,555-0001,juan.perez@example.com
María,González,López,false,ABC,DFG,2,555-0002,maria.gonzalez@example.com
Pedro,Rodríguez,Martínez,false,ABC,DFG,3,555-0003,pedro.rodriguez@example.com
Ana,Fernández,,true,ABC,DFG,4,555-0004,ana.fernandez@example.com
Carlos,López,Sánchez,false,ABC,DFG,5,,
